<?xml version="1.0" encoding="UTF-8"?>
<ContentAsset xmlns="http://soap.sforce.com/2006/04/metadata">
    <isVisibleByExternalUsers>false</isVisibleByExternalUsers>
    <language>en_US</language>
    <masterLabel>Animal_Shelter_Starter_Logo</masterLabel>
    <relationships>
        <organization>
            <access>VIEWER</access>
        </organization>
    </relationships>
    <versions>
        <version>
            <number>1</number>
            <pathOnClient>Animal Shelter Starter Logo.png</pathOnClient>
        </version>
    </versions>
</ContentAsset>
