<?xml version="1.0" encoding="UTF-8"?>
<CustomObjectTranslation xmlns="http://soap.sforce.com/2006/04/metadata">
    <caseValues>
        <plural>false</plural>
        <value>Adoption Match</value>
    </caseValues>
    <caseValues>
        <plural>true</plural>
        <value>Adoption Matches</value>
    </caseValues>
    <layouts>
        <layout>Adoption Match Layout</layout>
        <sections>
            <label></label>
            <section>Custom Links</section>
        </sections>
        <sections>
            <label></label>
            <section>Statuses</section>
        </sections>
    </layouts>
    <startsWith>Vowel</startsWith>
</CustomObjectTranslation>
