<?xml version="1.0" encoding="UTF-8"?>
<CustomFieldTranslation xmlns="http://soap.sforce.com/2006/04/metadata">
    <label></label>
    <name>Status__c</name>
    <picklistValues>
        <masterLabel>Adopted</masterLabel>
        <translation></translation>
    </picklistValues>
    <picklistValues>
        <masterLabel>Adopter Selected</masterLabel>
        <translation></translation>
    </picklistValues>
    <picklistValues>
        <masterLabel>Auto Matched</masterLabel>
        <translation></translation>
    </picklistValues>
    <picklistValues>
        <masterLabel>Manual Match</masterLabel>
        <translation></translation>
    </picklistValues>
</CustomFieldTranslation>
