<?xml version="1.0" encoding="UTF-8"?>
<LightningComponentBundle xmlns="http://soap.sforce.com/2006/04/metadata">
    <apiVersion>60.0</apiVersion>
    <isExposed>true</isExposed>
<masterLabel>Animal Badges</masterLabel>
<description>Displays badges for various Animal Statuses</description>
<targets>
    <target>lightning__RecordPage</target>
</targets>
<targetConfigs>
    <targetConfig targets="lightning__RecordPage">
        <objects>
            <object>animalshelters__Animal__c</object>
        </objects>
        <supportedFormFactors>
            <supportedFormFactor type="Large" />
            <supportedFormFactor type="Small" />
        </supportedFormFactors>
    </targetConfig>
</targetConfigs>
</LightningComponentBundle>